-- phpMyAdmin SQL Dump
-- version 5.2.0
-- https://www.phpmyadmin.net/
--
-- Máy chủ: 127.0.0.1
-- Thời gian đã tạo: Th3 25, 2023 lúc 11:16 AM
-- Phiên bản máy phục vụ: 10.4.24-MariaDB
-- Phiên bản PHP: 7.4.29

SET SQL_MODE = "NO_AUTO_VALUE_ON_ZERO";
START TRANSACTION;
SET time_zone = "+00:00";


/*!40101 SET @OLD_CHARACTER_SET_CLIENT=@@CHARACTER_SET_CLIENT */;
/*!40101 SET @OLD_CHARACTER_SET_RESULTS=@@CHARACTER_SET_RESULTS */;
/*!40101 SET @OLD_COLLATION_CONNECTION=@@COLLATION_CONNECTION */;
/*!40101 SET NAMES utf8mb4 */;

--
-- Cơ sở dữ liệu: `blogger_food2`
--

-- --------------------------------------------------------

--
-- Cấu trúc bảng cho bảng `sequelizemeta`
--

CREATE TABLE `sequelizemeta` (
  `name` varchar(255) COLLATE utf8_unicode_ci NOT NULL
) ENGINE=InnoDB DEFAULT CHARSET=utf8 COLLATE=utf8_unicode_ci;

--
-- Đang đổ dữ liệu cho bảng `sequelizemeta`
--

INSERT INTO `sequelizemeta` (`name`) VALUES
('create-tbl-categories.js'),
('create-tbl-posts.js'),
('create-tbl-users.js');

-- --------------------------------------------------------

--
-- Cấu trúc bảng cho bảng `tbl_categories`
--

CREATE TABLE `tbl_categories` (
  `id` int(11) NOT NULL,
  `category_name` varchar(255) NOT NULL,
  `createdAt` datetime NOT NULL DEFAULT current_timestamp(),
  `updatedAt` datetime NOT NULL DEFAULT current_timestamp()
) ENGINE=InnoDB DEFAULT CHARSET=utf8mb4;

--
-- Đang đổ dữ liệu cho bảng `tbl_categories`
--

INSERT INTO `tbl_categories` (`id`, `category_name`, `createdAt`, `updatedAt`) VALUES
(1, 'asian', '2023-02-13 22:51:48', '2023-02-13 22:51:48'),
(2, 'india', '2023-02-13 22:51:48', '2023-02-13 22:51:48'),
(3, 'china', '2023-02-13 22:54:12', '2023-02-13 22:54:12'),
(4, 'europe', '2023-02-13 22:54:12', '2023-02-13 22:54:12');

-- --------------------------------------------------------

--
-- Cấu trúc bảng cho bảng `tbl_posts`
--

CREATE TABLE `tbl_posts` (
  `id` int(11) NOT NULL,
  `post_title` varchar(255) NOT NULL,
  `post_desc` longtext NOT NULL,
  `post_thumb` varchar(255) NOT NULL,
  `category_id` int(11) NOT NULL,
  `user_id` int(11) NOT NULL,
  `updatedAt` datetime NOT NULL DEFAULT current_timestamp(),
  `createdAt` datetime NOT NULL DEFAULT current_timestamp()
) ENGINE=InnoDB DEFAULT CHARSET=utf8mb4;

--
-- Đang đổ dữ liệu cho bảng `tbl_posts`
--

INSERT INTO `tbl_posts` (`id`, `post_title`, `post_desc`, `post_thumb`, `category_id`, `user_id`, `updatedAt`, `createdAt`) VALUES
(16, 'Hitsumabushi in Nagoya', '<p>If you like unagi, then you’re going to love hitsumabushi. It’s a&nbsp;<a href=\"https://www.willflyforfood.net/nagoya-food-guide/\" rel=\"noopener noreferrer\" target=\"_blank\" style=\"color: var(--mv-trellis-color-link,#a1a48f); background-color: initial;\"', 'oita-yoroduya2_1677210231110.jpeg', 1, 1, '2023-02-24 10:43:51', '2023-02-24 10:43:51'),
(17, 'Xiao Long Bao at Din Tai Fung', '<p>Xiao long bao is actually a Shanghainese dish but this Taiwanese restaurant perfected it. Din Tai Fung has become so successful that they’ve branched out to many countries around the world, including China. In fact, ask a Shanghainese local where they like to go for xiao long bao and many will say Din Tai Fung.</p><p><br></p><p>Xiao long bao refers to a Chinese dumpling traditionally filled with pork and a solid meat aspic that melts into soup when heated. As palatable as it looks, it’s important to eat the dumpling correctly so you don’t burn your mouth.</p><p><br></p><p>To eat, you take a small bite from the top of the xiao long bao, just enough to tear the skin, so you can slurp out the hot soup before plopping the dumpling in your mouth. It’s a ritual that makes eating xiao long bao different from other dumplings.</p><p><br></p><p>Aside from the flavor, what makes Din Tai Fung stand out is their consistency. They consistently make the most perfect dumplings using the thinnest of wrappers. Every dumpling that comes out of their kitchen weighs exactly 21 grams and has 18 pleats.</p><p><br></p><p>My sister and a few friends of ours live in Shanghai and they all say that only Din Tai Fung can make perfect xiao long bao every time. You’ll find several Din Tai Fung outlets in Taiwan, including one at the basement of Taipei 101.</p>', 'din-tai-fung1_1677210378368.jpeg', 1, 1, '2023-02-24 10:46:18', '2023-02-24 10:46:18'),
(18, 'Peking Duck in Beijing', '<p>We’ve been eating&nbsp;<a href=\"https://www.willflyforfood.net/china-peking-duck-four-classic-ways-to-enjoy-beijings-bird/\" rel=\"noopener noreferrer\" target=\"_blank\" style=\"color: var(--mv-trellis-color-link,#a1a48f); background-color: initial;\">peking duck</a>&nbsp;almost all our lives but never in China. According to our Taiwanese friend who’s married to a Beijing local, you haven’t truly eaten peking duck until you’ve had it in Beijing. According to him, it’s worlds apart different and that much better.</p><p><br></p><p>If you’ve never had it, peking duck is an imperial-era Chinese duck dish known for its delicate but thin and supremely crisp skin. Ducks bred specifically for this dish are slaughtered after 65 days and seasoned before being roasted in a closed or hung oven.</p><p><br></p><p>When ready, the duck is carved into slivers in front of the diners, ideally with mostly skin and just a little bit of meat. To eat, the duck is wrapped in palm-sized pancakes with spring onion, cucumber, and a sweet bean sauce. It’s crispy and fatty and supremely delicious.</p><p><br></p><p>Peking duck is one of our favorite Chinese dishes. What we’ve had is already delicious so I can only imagine what it must be like in Beijing. When we do finally eat our way through China, peking duck in Beijing will be at the very top of our must-eat list.</p>', 'duck-dinner_1677210501857.jpeg', 3, 1, '2023-02-24 10:48:21', '2023-02-24 10:48:21'),
(19, 'Masala dosa', '<p><span style=\"background-color: rgb(239, 239, 239);\">Arguably&nbsp;</span><a href=\"https://www.jacadatravel.com/indian-subcontinent/india/keralan-backwaters/\" rel=\"noopener noreferrer\" target=\"_blank\" style=\"background-color: rgb(239, 239, 239); color: rgb(0, 0, 0);\">South India</a><span style=\"background-color: rgb(239, 239, 239);\">’s most renowned culinary export,&nbsp;</span><em style=\"background-color: rgb(239, 239, 239);\">masala dosas</em><span style=\"background-color: rgb(239, 239, 239);\">&nbsp;are famous the world over. A sort of Indian pancake,&nbsp;</span><em style=\"background-color: rgb(239, 239, 239);\">dosas&nbsp;</em><span style=\"background-color: rgb(239, 239, 239);\">are made from a thin batter consisting of rice, flour and lentils. Making dosas is no easy task, with the batter mixture having to soak in water for at least 24 hours before it can be shaped. Once ready, the batter is ladled onto a hot&nbsp;</span><em style=\"background-color: rgb(239, 239, 239);\">tava&nbsp;</em><span style=\"background-color: rgb(239, 239, 239);\">(griddle pan) and shaped in a similar way to how the French would shape a crepe. Traditionally,&nbsp;</span><em style=\"background-color: rgb(239, 239, 239);\">dosas&nbsp;</em><span style=\"background-color: rgb(239, 239, 239);\">are served folded in half and stuffed with potatoes. Accompaniments like hot&nbsp;</span><em style=\"background-color: rgb(239, 239, 239);\">sambar&nbsp;</em><span style=\"background-color: rgb(239, 239, 239);\">give the dish a spicy edge, and whatever you stuff them with,&nbsp;</span><em style=\"background-color: rgb(239, 239, 239);\">dosas&nbsp;</em><span style=\"background-color: rgb(239, 239, 239);\">are sure to provide a tasty yet satisfying meal.&nbsp;</span></p>', 'Dosa_1677243871087.jpeg', 2, 1, '2023-02-24 20:04:31', '2023-02-24 20:04:31'),
(20, 'Chaat', '<p><span style=\"background-color: rgb(239, 239, 239);\">Synonymous with&nbsp;</span><a href=\"https://www.jacadatravel.com/indian-subcontinent/india/delhi/\" rel=\"noopener noreferrer\" target=\"_blank\" style=\"background-color: rgb(239, 239, 239); color: rgb(0, 0, 0);\">Delhi</a><span style=\"background-color: rgb(239, 239, 239);\">&nbsp;street food vendors,&nbsp;</span><em style=\"background-color: rgb(239, 239, 239);\">chaat&nbsp;</em><span style=\"background-color: rgb(239, 239, 239);\">is one of&nbsp;</span><a href=\"https://www.jacadatravel.com/indian-subcontinent/india/\" rel=\"noopener noreferrer\" target=\"_blank\" style=\"background-color: rgb(239, 239, 239); color: rgb(0, 0, 0);\">India</a><span style=\"background-color: rgb(239, 239, 239);\">’s most delicious savoury snacks. The name derives from three Hindi words meaning ‘a delicacy,’ ‘licking one’s fingers’ and ‘to devour with relish’ and this dish truly does live up to its heritage. Although there’s now a plethora of different varieties, the original&nbsp;</span><em style=\"background-color: rgb(239, 239, 239);\">chaat&nbsp;</em><span style=\"background-color: rgb(239, 239, 239);\">is a wonderful combination of diced potato pieces, crispy fried bread and chickpeas garnished with fresh coriander leaves, yoghurt and dried ginger and tamarind sauce. Make like a local and seek out a local&nbsp;</span><em style=\"background-color: rgb(239, 239, 239);\">dhaba,&nbsp;</em><span style=\"background-color: rgb(239, 239, 239);\">where the city’s specialist chaat variety will be available at nearly all times of day.</span></p><p><span style=\"background-color: rgb(239, 239, 239);\"><span class=\"ql-cursor\">﻿</span>Synonymous with&nbsp;</span><a href=\"https://www.jacadatravel.com/indian-subcontinent/india/delhi/\" rel=\"noopener noreferrer\" target=\"_blank\" style=\"background-color: rgb(239, 239, 239); color: rgb(0, 0, 0);\">Delhi</a><span style=\"background-color: rgb(239, 239, 239);\">&nbsp;street food vendors,&nbsp;</span><em style=\"background-color: rgb(239, 239, 239);\">chaat&nbsp;</em><span style=\"background-color: rgb(239, 239, 239);\">is one of&nbsp;</span><a href=\"https://www.jacadatravel.com/indian-subcontinent/india/\" rel=\"noopener noreferrer\" target=\"_blank\" style=\"background-color: rgb(239, 239, 239); color: rgb(0, 0, 0);\">India</a><span style=\"background-color: rgb(239, 239, 239);\">’s most delicious savoury snacks. The name derives from three Hindi words meaning ‘a delicacy,’ ‘licking one’s fingers’ and ‘to devour with relish’ and this dish truly does live up to its heritage. Although there’s now a plethora of different varieties, the original&nbsp;</span><em style=\"background-color: rgb(239, 239, 239);\">chaat&nbsp;</em><span style=\"background-color: rgb(239, 239, 239);\">is a wonderful combination of diced potato pieces, crispy fried bread and chickpeas garnished with fresh coriander leaves, yoghurt and dried ginger and tamarind sauce. Make like a local and seek out a local&nbsp;</span><em style=\"background-color: rgb(239, 239, 239);\">dhaba,&nbsp;</em><span style=\"background-color: rgb(239, 239, 239);\">where the city’s specialist chaat variety will be available at nearly all times of day.</span></p>', 'Delhi_Style_Matar_Chaat_Matra_Recipe_Spicy__Tangy_Dry_Green_Peas_Curry_Curry_Recipe_1677248191353.jpeg', 2, 1, '2023-03-25 17:01:50', '2023-02-24 21:16:31'),
(21, 'Dal makhani', '<p><span style=\"background-color: rgb(239, 239, 239);\">Most foodies will have heard of or tasted&nbsp;</span><em style=\"background-color: rgb(239, 239, 239);\">dal,&nbsp;</em><span style=\"background-color: rgb(239, 239, 239);\">but there’s nothing quite like tasting the original dish in the country where it originated from.&nbsp;</span><em style=\"background-color: rgb(239, 239, 239);\">Dal&nbsp;</em><span style=\"background-color: rgb(239, 239, 239);\">is the Hindi word for lentils, and this soup-like delicacy is made by stewing small black lentils for hours on end. Whilst there are&nbsp;many different varieties of this lentil dish,&nbsp;</span><em style=\"background-color: rgb(239, 239, 239);\">dal makhani&nbsp;</em><span style=\"background-color: rgb(239, 239, 239);\">is in a league of its own. It’s considered the best of the best, and is reserved for big events like wedding celebrations. With&nbsp;</span><em style=\"background-color: rgb(239, 239, 239);\">makhani&nbsp;</em><span style=\"background-color: rgb(239, 239, 239);\">meaning ‘buttery’ in Hindi, there’s no prizes for guessing how rich and creamy this Indian classic tastes. Head to&nbsp;</span><a href=\"https://www.jacadatravel.com/indian-subcontinent/india/amritsar/\" rel=\"noopener noreferrer\" target=\"_blank\" style=\"background-color: rgb(239, 239, 239); color: rgb(0, 0, 0);\">Punjab</a><span style=\"background-color: rgb(239, 239, 239);\">, in India’s north, to taste the real deal.&nbsp;</span></p>', 'Black-Dal-Makhani-700x467_1679665551734.jpeg', 2, 1, '2023-03-24 20:45:51', '2023-02-24 21:19:15'),
(34, 'Banh Mi', '<p><span style=\"background-color: rgb(255, 255, 255); color: rgb(32, 33, 34);\">The word&nbsp;</span><em style=\"background-color: rgb(255, 255, 255); color: rgb(32, 33, 34);\">bánh mì</em><span style=\"background-color: rgb(255, 255, 255); color: rgb(32, 33, 34);\">, meaning \"bread\", is attested in&nbsp;</span><a href=\"https://en.wikipedia.org/wiki/Vietnamese_language\" rel=\"noopener noreferrer\" target=\"_blank\" style=\"background-color: rgb(255, 255, 255); color: rgb(51, 102, 204);\">Vietnamese</a><span style=\"background-color: rgb(255, 255, 255); color: rgb(32, 33, 34);\">&nbsp;as early as the 1830s, in&nbsp;</span><a href=\"https://en.wikipedia.org/wiki/Jean-Louis_Taberd\" rel=\"noopener noreferrer\" target=\"_blank\" style=\"background-color: rgb(255, 255, 255); color: rgb(51, 102, 204);\">Jean-Louis Taberd</a><span style=\"background-color: rgb(255, 255, 255); color: rgb(32, 33, 34);\">\'s dictionary&nbsp;</span><em style=\"background-color: rgb(255, 255, 255); color: rgb(32, 33, 34);\">Dictionarium Latino-Annamiticum</em><span style=\"background-color: rgb(255, 255, 255); color: rgb(32, 33, 34);\">.</span><a href=\"https://en.wikipedia.org/wiki/B%C3%A1nh_m%C3%AC#cite_note-12\" rel=\"noopener noreferrer\" target=\"_blank\" style=\"background-color: initial; color: rgb(51, 102, 204);\"><sup>[12]</sup></a><span style=\"background-color: rgb(255, 255, 255); color: rgb(32, 33, 34);\">&nbsp;The French introduced Vietnam to the&nbsp;</span><a href=\"https://en.wikipedia.org/wiki/Baguette\" rel=\"noopener noreferrer\" target=\"_blank\" style=\"background-color: rgb(255, 255, 255); color: rgb(51, 102, 204);\">baguette</a><span style=\"background-color: rgb(255, 255, 255); color: rgb(32, 33, 34);\">, along with other baked goods such as&nbsp;</span><a href=\"https://en.wikipedia.org/wiki/P%C3%A2t%C3%A9_chaud\" rel=\"noopener noreferrer\" target=\"_blank\" style=\"background-color: rgb(255, 255, 255); color: rgb(51, 102, 204);\">pâté chaud</a><span style=\"background-color: rgb(255, 255, 255); color: rgb(32, 33, 34);\">, in the 1860s, at the&nbsp;</span><a href=\"https://en.wikipedia.org/wiki/Cochinchina_campaign\" rel=\"noopener noreferrer\" target=\"_blank\" style=\"background-color: rgb(255, 255, 255); color: rgb(51, 102, 204);\">start of their imperialism</a><span style=\"background-color: rgb(255, 255, 255); color: rgb(32, 33, 34);\">&nbsp;in Vietnam.</span><a href=\"https://en.wikipedia.org/wiki/B%C3%A1nh_m%C3%AC#cite_note-wp-13\" rel=\"noopener noreferrer\" target=\"_blank\" style=\"background-color: initial; color: rgb(51, 102, 204);\"><sup>[13]</sup></a><a href=\"https://en.wikipedia.org/wiki/B%C3%A1nh_m%C3%AC#cite_note-V%C5%A9_H%E1%BB%93ng_Li%C3%AAn-14\" rel=\"noopener noreferrer\" target=\"_blank\" style=\"background-color: initial; color: rgb(51, 102, 204);\"><sup>[14]</sup></a><span style=\"background-color: rgb(255, 255, 255); color: rgb(32, 33, 34);\">&nbsp;</span><a href=\"https://en.wikipedia.org/wiki/Northern_Vietnam\" rel=\"noopener noreferrer\" target=\"_blank\" style=\"background-color: rgb(255, 255, 255); color: rgb(51, 102, 204);\">Northern Vietnamese</a><span style=\"background-color: rgb(255, 255, 255); color: rgb(32, 33, 34);\">&nbsp;initially called the baguette&nbsp;</span><em style=\"background-color: rgb(255, 255, 255); color: rgb(32, 33, 34);\">bánh tây</em><span style=\"background-color: rgb(255, 255, 255); color: rgb(32, 33, 34);\">, literally \"Western&nbsp;</span><a href=\"https://en.wikipedia.org/wiki/B%C3%A1nh\" rel=\"noopener noreferrer\" target=\"_blank\" style=\"background-color: rgb(255, 255, 255); color: rgb(51, 102, 204);\">bánh</a><span style=\"background-color: rgb(255, 255, 255); color: rgb(32, 33, 34);\">\", while&nbsp;</span><a href=\"https://en.wikipedia.org/wiki/Southern_Vietnam\" rel=\"noopener noreferrer\" target=\"_blank\" style=\"background-color: rgb(255, 255, 255); color: rgb(51, 102, 204);\">Southern Vietnamese</a><span style=\"background-color: rgb(255, 255, 255); color: rgb(32, 33, 34);\">&nbsp;called it&nbsp;</span><em style=\"background-color: rgb(255, 255, 255); color: rgb(32, 33, 34);\">bánh mì</em><span style=\"background-color: rgb(255, 255, 255); color: rgb(32, 33, 34);\">, \"wheat&nbsp;</span><a href=\"https://en.wikipedia.org/wiki/B%C3%A1nh\" rel=\"noopener noreferrer\" target=\"_blank\" style=\"background-color: rgb(255, 255, 255); color: rgb(51, 102, 204);\">bánh</a><span style=\"background-color: rgb(255, 255, 255); color: rgb(32, 33, 34);\">\".</span><a href=\"https://en.wikipedia.org/wiki/B%C3%A1nh_m%C3%AC#cite_note-WSJ_Eckhardt-15\" rel=\"noopener noreferrer\" target=\"_blank\" style=\"background-color: initial; color: rgb(51, 102, 204);\"><sup>[15]</sup></a><a href=\"https://en.wikipedia.org/wiki/B%C3%A1nh_m%C3%AC#cite_note-CR_Lam-16\" rel=\"noopener noreferrer\" target=\"_blank\" style=\"background-color: initial; color: rgb(51, 102, 204);\"><sup>[16]</sup></a><span style=\"background-color: rgb(255, 255, 255); color: rgb(32, 33, 34);\">&nbsp;</span><a href=\"https://en.wikipedia.org/wiki/Nguy%E1%BB%85n_%C4%90%C3%ACnh_Chi%E1%BB%83u\" rel=\"noopener noreferrer\" target=\"_blank\" style=\"background-color: rgb(255, 255, 255); color: rgb(51, 102, 204);\">Nguyễn Đình Chiểu</a><span style=\"background-color: rgb(255, 255, 255); color: rgb(32, 33, 34);\">&nbsp;mentions the baguette in his 1861 poem \"</span><a href=\"https://en.wikisource.org/wiki/vi:V%C4%83n_t%E1%BA%BF_ngh%C4%A9a_s%C4%A9_C%E1%BA%A7n_Giu%E1%BB%99c\" rel=\"noopener noreferrer\" target=\"_blank\" style=\"background-color: initial; color: rgb(51, 102, 204);\">Văn tế nghĩa sĩ Cần Giuộc</a><span style=\"background-color: rgb(255, 255, 255); color: rgb(32, 33, 34);\">\". Due to the price of imported&nbsp;</span><a href=\"https://en.wikipedia.org/wiki/Wheat\" rel=\"noopener noreferrer\" target=\"_blank\" style=\"background-color: rgb(255, 255, 255); color: rgb(51, 102, 204);\">wheat</a><span style=\"background-color: rgb(255, 255, 255); color: rgb(32, 33, 34);\">&nbsp;at the time, French baguettes and sandwiches were considered a&nbsp;</span><a href=\"https://en.wikipedia.org/wiki/Luxury_goods\" rel=\"noopener noreferrer\" target=\"_blank\" style=\"background-color: rgb(255, 255, 255); color: rgb(51, 102, 204);\">luxury</a><span style=\"background-color: rgb(255, 255, 255); color: rgb(32, 33, 34);\">. During&nbsp;</span><a href=\"https://en.wikipedia.org/wiki/World_War_I\" rel=\"noopener noreferrer\" target=\"_blank\" style=\"background-color: rgb(255, 255, 255); color: rgb(51, 102, 204);\">World War I</a><span style=\"background-color: rgb(255, 255, 255); color: rgb(32, 33, 34);\">, an influx of French soldiers and supplies arrived. At the same time, disruptions of wheat imports led bakers to begin mixing in inexpensive&nbsp;</span><a href=\"https://en.wikipedia.org/wiki/Rice_flour\" rel=\"noopener noreferrer\" target=\"_blank\" style=\"background-color: rgb(255, 255, 255); color: rgb(51, 102, 204);\">rice flour</a><span style=\"background-color: rgb(255, 255, 255); color: rgb(32, 33, 34);\">&nbsp;(which also made the bread fluffier). As a result, it became possible for ordinary Vietnamese to enjoy French staples such as bread.</span><a href=\"https://en.wikipedia.org/wiki/B%C3%A1nh_m%C3%AC#cite_note-H%C6%B0%C6%A1ng_Giang-17\" rel=\"noopener noreferrer\" target=\"_blank\" style=\"background-color: initial; color: rgb(51, 102, 204);\"><sup>[17]</sup></a><a href=\"https://en.wikipedia.org/wiki/B%C3%A1nh_m%C3%AC#cite_note-L%C3%AA_V%C4%83n_Ngh%C4%A9a-18\" rel=\"noopener noreferrer\" target=\"_blank\" style=\"background-color: initial; color: rgb(51, 102, 204);\"><sup>[18]</sup></a><a href=\"https://en.wikipedia.org/wiki/B%C3%A1nh_m%C3%AC#cite_note-CR_Lam-16\" rel=\"noopener noreferrer\" target=\"_blank\" style=\"background-color: initial; color: rgb(51, 102, 204);\"><sup>[16]</sup></a><span style=\"background-color: rgb(255, 255, 255); color: rgb(32, 33, 34);\">&nbsp;Many shops baked twice a day, because bread tends to go stale quickly in the hot, humid climate of Vietnam. Baguettes were mainly eaten for breakfast with some butter and sugar.</span><a href=\"https://en.wikipedia.org/wiki/B%C3%A1nh_m%C3%AC#cite_note-V%C5%A9_H%E1%BB%93ng_Li%C3%AAn-14\" rel=\"noopener noreferrer\" target=\"_blank\" style=\"background-color: initial; color: rgb(51, 102, 204);\"><sup>[14]</sup></a></p>', 'banh-mi-viet-nam_1679717600695.jpeg', 1, 10, '2023-03-25 11:16:46', '2023-03-25 11:13:20'),
(35, 'Pho', '<p>Phở likely evolved from similar noodle dishes. For example, villagers in&nbsp;Vân Cù&nbsp;say they ate phở long before the&nbsp;<a href=\"https://en.wikipedia.org/wiki/French_colonial_Vietnam\" rel=\"noopener noreferrer\" target=\"_blank\" style=\"background-color: initial; color: rgb(51, 102, 204);\">French colonial period</a>.<a href=\"https://en.wikipedia.org/wiki/Pho#cite_note-HNM_Nguyen_Ngoc_Tien-11\" rel=\"noopener noreferrer\" target=\"_blank\" style=\"background-color: initial; color: rgb(51, 102, 204);\"><sup>[10]</sup></a>&nbsp;The modern form emerged between 1900 and 1907 in northern&nbsp;<a href=\"https://en.wikipedia.org/wiki/Vietnam\" rel=\"noopener noreferrer\" target=\"_blank\" style=\"background-color: initial; color: rgb(51, 102, 204);\">Vietnam</a>,<a href=\"https://en.wikipedia.org/wiki/Pho#cite_note-Trinh_Quang_Dung-1\" rel=\"noopener noreferrer\" target=\"_blank\" style=\"background-color: initial; color: rgb(51, 102, 204);\"><sup>[1]</sup></a><a href=\"https://en.wikipedia.org/wiki/Pho#cite_note-evolution1-8\" rel=\"noopener noreferrer\" target=\"_blank\" style=\"background-color: initial; color: rgb(51, 102, 204);\"><sup>[7]</sup></a>&nbsp;southeast of&nbsp;<a href=\"https://en.wikipedia.org/wiki/Hanoi\" rel=\"noopener noreferrer\" target=\"_blank\" style=\"background-color: initial; color: rgb(51, 102, 204);\">Hanoi</a>&nbsp;in&nbsp;<a href=\"https://en.wikipedia.org/wiki/Nam_%C4%90%E1%BB%8Bnh_Province\" rel=\"noopener noreferrer\" target=\"_blank\" style=\"background-color: initial; color: rgb(51, 102, 204);\">Nam Định Province</a>, then a substantial&nbsp;<a href=\"https://en.wikipedia.org/wiki/Textile\" rel=\"noopener noreferrer\" target=\"_blank\" style=\"background-color: initial; color: rgb(51, 102, 204);\">textile</a>&nbsp;market. The traditional home of phở is reputed to be the villages of&nbsp;Vân Cù&nbsp;and&nbsp;Dao Cù&nbsp;(or&nbsp;Giao Cù) in Đông Xuân commune,&nbsp;<a href=\"https://en.wikipedia.org/wiki/Nam_Tr%E1%BB%B1c_District\" rel=\"noopener noreferrer\" target=\"_blank\" style=\"background-color: initial; color: rgb(51, 102, 204);\">Nam Trực District</a>, Nam Định Province.<a href=\"https://en.wikipedia.org/wiki/Pho#cite_note-HNM_Nguyen_Ngoc_Tien-11\" rel=\"noopener noreferrer\" target=\"_blank\" style=\"background-color: initial; color: rgb(51, 102, 204);\"><sup>[10]</sup></a><a href=\"https://en.wikipedia.org/wiki/Pho#cite_note-ANTG_An_Chi-12\" rel=\"noopener noreferrer\" target=\"_blank\" style=\"background-color: initial; color: rgb(51, 102, 204);\"><sup>[11]</sup></a></p><p>Cultural historian and researcher Trịnh Quang Dũng believes that the popularization and origins of modern pho stemmed from the intersection of several historical and cultural factors in the early 20th century.<a href=\"https://en.wikipedia.org/wiki/Pho#cite_note-TQD-13\" rel=\"noopener noreferrer\" target=\"_blank\" style=\"background-color: initial; color: rgb(51, 102, 204);\"><sup>[12]</sup></a>&nbsp;These include improved availability of beef due to French demand, which in turn produced beef bones that were purchased by Chinese workers to make into a dish similar to phở called&nbsp;<em>ngưu nhục phấn</em>.<a href=\"https://en.wikipedia.org/wiki/Pho#cite_note-TQD-13\" rel=\"noopener noreferrer\" target=\"_blank\" style=\"background-color: initial; color: rgb(51, 102, 204);\"><sup>[12]</sup></a><a href=\"https://en.wikipedia.org/wiki/Pho#cite_note-NA-14\" rel=\"noopener noreferrer\" target=\"_blank\" style=\"background-color: initial; color: rgb(51, 102, 204);\"><sup>[13]</sup></a>&nbsp;The demand for this dish was initially the greatest with workers from the provinces of&nbsp;<a href=\"https://en.wikipedia.org/wiki/Yunnan\" rel=\"noopener noreferrer\" target=\"_blank\" style=\"background-color: initial; color: rgb(51, 102, 204);\">Yunnan</a>&nbsp;and&nbsp;<a href=\"https://en.wikipedia.org/wiki/Guangdong\" rel=\"noopener noreferrer\" target=\"_blank\" style=\"background-color: initial; color: rgb(51, 102, 204);\">Guangdong</a>, who had an affinity for the dish due to its similarities to that of their homeland, which eventually popularized and familiarized this dish with the general population.<a href=\"https://en.wikipedia.org/wiki/Pho#cite_note-NA-14\" rel=\"noopener noreferrer\" target=\"_blank\" style=\"background-color: initial; color: rgb(51, 102, 204);\"><sup>[13]</sup></a></p><p>Phở was originally sold at dawn and dusk by itinerant&nbsp;<a href=\"https://en.wikipedia.org/wiki/Street_vendors\" rel=\"noopener noreferrer\" target=\"_blank\" style=\"background-color: initial; color: rgb(51, 102, 204);\">street vendors</a>, who shouldered mobile kitchens on&nbsp;<a href=\"https://en.wikipedia.org/wiki/Carrying_pole\" rel=\"noopener noreferrer\" target=\"_blank\" style=\"background-color: initial; color: rgb(51, 102, 204);\">carrying poles</a>&nbsp;(<em>gánh phở</em>).<a href=\"https://en.wikipedia.org/wiki/Pho#cite_note-CVCN_Nguyen_Du-15\" rel=\"noopener noreferrer\" target=\"_blank\" style=\"background-color: initial; color: rgb(51, 102, 204);\"><sup>[14]</sup></a>&nbsp;From the pole hung two wooden cabinets, one housing a cauldron over a wood fire, the other storing noodles, spices, cookware, and space to prepare a bowl of phở. The heavy&nbsp;<em>gánh</em>&nbsp;was always shouldered by men.<a href=\"https://en.wikipedia.org/wiki/Pho#cite_note-Vu_Hong_Lien-16\" rel=\"noopener noreferrer\" target=\"_blank\" style=\"background-color: initial; color: rgb(51, 102, 204);\"><sup>[15]</sup></a>&nbsp;They kept their heads warm with distinctive felt hats called&nbsp;<em>mũ phở</em>.<a href=\"https://en.wikipedia.org/wiki/Pho#cite_note-Bui_Minh_Duc-17\" rel=\"noopener noreferrer\" target=\"_blank\" style=\"background-color: initial; color: rgb(51, 102, 204);\"><sup>[16]</sup></a></p><p>Hanoi\'s first two fixed phở stands were a Vietnamese-owned Cát Tường on Cầu Gỗ Street and a Chinese-owned stand in front of Bờ Hồ tram stop. They were joined in 1918 by two more on Quạt Row and Đồng Row.<a href=\"https://en.wikipedia.org/wiki/Pho#cite_note-KHPT_Trinh_Quang_Dung_2-18\" rel=\"noopener noreferrer\" target=\"_blank\" style=\"background-color: initial; color: rgb(51, 102, 204);\"><sup>[17]</sup></a>&nbsp;Around 1925, a Vân Cù villager named Vạn opened the first \"Nam Định style\" pho stand in Hanoi.<a href=\"https://en.wikipedia.org/wiki/Pho#cite_note-KHPT_Trinh_Quang_Dung-19\" rel=\"noopener noreferrer\" target=\"_blank\" style=\"background-color: initial; color: rgb(51, 102, 204);\"><sup>[18]</sup></a>&nbsp;<em>Gánh phở</em>&nbsp;declined in number around 1936–1946 in favor of stationary eateries.<a href=\"https://en.wikipedia.org/wiki/Pho#cite_note-Bui_Minh_Duc-17\" rel=\"noopener noreferrer\" target=\"_blank\" style=\"background-color: initial; color: rgb(51, 102, 204);\"><sup>[16]</sup></a></p>', 'pho_1679717747712.jpeg', 1, 10, '2023-03-25 11:15:47', '2023-03-25 11:15:47'),
(36, 'Bun Bo Hue', '<p><span style=\"background-color: rgb(255, 255, 255); color: rgb(32, 33, 34);\">Bún bò is commonly served with&nbsp;</span><a href=\"https://en.wikipedia.org/wiki/Lime_(fruit)\" rel=\"noopener noreferrer\" target=\"_blank\" style=\"background-color: rgb(255, 255, 255); color: rgb(51, 102, 204);\">lime</a><span style=\"background-color: rgb(255, 255, 255); color: rgb(32, 33, 34);\">&nbsp;wedges,&nbsp;</span><a href=\"https://en.wikipedia.org/wiki/Cilantro\" rel=\"noopener noreferrer\" target=\"_blank\" style=\"background-color: rgb(255, 255, 255); color: rgb(51, 102, 204);\">cilantro</a><span style=\"background-color: rgb(255, 255, 255); color: rgb(32, 33, 34);\">&nbsp;sprigs, diced green onions, raw sliced onions, chili sauce, thinly sliced banana blossom,&nbsp;</span><a href=\"https://en.wikipedia.org/wiki/Red_cabbage\" rel=\"noopener noreferrer\" target=\"_blank\" style=\"background-color: rgb(255, 255, 255); color: rgb(51, 102, 204);\">red cabbage</a><span style=\"background-color: rgb(255, 255, 255); color: rgb(32, 33, 34);\">, mint,&nbsp;</span><a href=\"https://en.wikipedia.org/wiki/Basil\" rel=\"noopener noreferrer\" target=\"_blank\" style=\"background-color: rgb(255, 255, 255); color: rgb(51, 102, 204);\">basil</a><span style=\"background-color: rgb(255, 255, 255); color: rgb(32, 33, 34);\">,&nbsp;</span><a href=\"https://en.wikipedia.org/wiki/Perilla\" rel=\"noopener noreferrer\" target=\"_blank\" style=\"background-color: rgb(255, 255, 255); color: rgb(51, 102, 204);\">perilla</a><span style=\"background-color: rgb(255, 255, 255); color: rgb(32, 33, 34);\">,&nbsp;</span><em style=\"background-color: rgb(255, 255, 255); color: rgb(32, 33, 34);\">Persicaria odorata</em><span style=\"background-color: rgb(255, 255, 255); color: rgb(32, 33, 34);\">&nbsp;or&nbsp;</span><a href=\"https://en.wikipedia.org/wiki/Vietnamese_coriander\" rel=\"noopener noreferrer\" target=\"_blank\" style=\"background-color: rgb(255, 255, 255); color: rgb(51, 102, 204);\">Vietnamese coriander</a><span style=\"background-color: rgb(255, 255, 255); color: rgb(32, 33, 34);\">&nbsp;(</span><em style=\"background-color: rgb(255, 255, 255); color: rgb(32, 33, 34);\">rau răm</em><span style=\"background-color: rgb(255, 255, 255); color: rgb(32, 33, 34);\">),&nbsp;</span><a href=\"https://en.wikipedia.org/wiki/Saw_tooth_herb\" rel=\"noopener noreferrer\" target=\"_blank\" style=\"background-color: rgb(255, 255, 255); color: rgb(51, 102, 204);\">saw tooth herb</a><span style=\"background-color: rgb(255, 255, 255); color: rgb(32, 33, 34);\">&nbsp;(</span><em style=\"background-color: rgb(255, 255, 255); color: rgb(32, 33, 34);\">ngò gai</em><span style=\"background-color: rgb(255, 255, 255); color: rgb(32, 33, 34);\">) and sometimes&nbsp;</span><a href=\"https://en.wikipedia.org/wiki/Mung_bean#Bean_sprouts\" rel=\"noopener noreferrer\" target=\"_blank\" style=\"background-color: rgb(255, 255, 255); color: rgb(51, 102, 204);\">mung bean sprouts</a><span style=\"background-color: rgb(255, 255, 255); color: rgb(32, 33, 34);\">. Thinly sliced purple cabbage is sometimes used a substitute when banana blossoms are not available.&nbsp;</span><a href=\"https://en.wikipedia.org/wiki/Red_cabbage\" rel=\"noopener noreferrer\" target=\"_blank\" style=\"background-color: rgb(255, 255, 255); color: rgb(51, 102, 204);\">Purple cabbage</a><span style=\"background-color: rgb(255, 255, 255); color: rgb(32, 33, 34);\">&nbsp;most resembles banana blossom in texture, though not in taste.&nbsp;</span><a href=\"https://en.wikipedia.org/wiki/Fish_sauce\" rel=\"noopener noreferrer\" target=\"_blank\" style=\"background-color: rgb(255, 255, 255); color: rgb(51, 102, 204);\">Fish sauce</a><span style=\"background-color: rgb(255, 255, 255); color: rgb(32, 33, 34);\">&nbsp;and&nbsp;</span><a href=\"https://en.wikipedia.org/wiki/Shrimp_paste\" rel=\"noopener noreferrer\" target=\"_blank\" style=\"background-color: rgb(255, 255, 255); color: rgb(51, 102, 204);\">shrimp paste</a><span style=\"background-color: rgb(255, 255, 255); color: rgb(32, 33, 34);\">&nbsp;are added to the soup according to taste. Ingredients might be varied by region due to their availability.</span></p>', 'bun-bo-hue_1679718162567.jpeg', 1, 10, '2023-03-25 11:22:42', '2023-03-25 11:22:42'),
(37, 'Kung Pao chicken', '<p>The dish is believed to be named after&nbsp;<a href=\"https://en.wikipedia.org/wiki/Ding_Baozhen\" rel=\"noopener noreferrer\" target=\"_blank\" style=\"background-color: initial; color: rgb(51, 102, 204);\">Ding Baozhen</a>&nbsp;(1820–1886), a late&nbsp;<a href=\"https://en.wikipedia.org/wiki/Qing_Dynasty\" rel=\"noopener noreferrer\" target=\"_blank\" style=\"background-color: initial; color: rgb(51, 102, 204);\">Qing Dynasty</a>&nbsp;official and governor of&nbsp;<a href=\"https://en.wikipedia.org/wiki/Sichuan_Province\" rel=\"noopener noreferrer\" target=\"_blank\" style=\"background-color: initial; color: rgb(51, 102, 204);\">Sichuan Province</a>. His title was&nbsp;<em>Taizi Shaobao</em>, which is one of&nbsp;<em>Gongbao</em>&nbsp;(<a href=\"https://en.wikipedia.org/wiki/Simplified_Chinese_characters\" rel=\"noopener noreferrer\" target=\"_blank\" style=\"background-color: initial; color: rgb(51, 102, 204);\">Chinese</a>:&nbsp;宫保;&nbsp;<a href=\"https://en.wikipedia.org/wiki/Pinyin\" rel=\"noopener noreferrer\" target=\"_blank\" style=\"background-color: initial; color: rgb(51, 102, 204);\">pinyin</a>:&nbsp;<em>Gōngbǎo</em>;&nbsp;<a href=\"https://en.wikipedia.org/wiki/Wade%E2%80%93Giles\" rel=\"noopener noreferrer\" target=\"_blank\" style=\"background-color: initial; color: rgb(51, 102, 204);\">Wade–Giles</a>:&nbsp;<em>Kung</em><sup><em>1</em></sup><em>-pao</em><sup><em>3</em></sup>;&nbsp;<a href=\"https://en.wikipedia.org/wiki/Literal_translation\" rel=\"noopener noreferrer\" target=\"_blank\" style=\"background-color: initial; color: rgb(51, 102, 204);\">lit.</a>&nbsp;\'Palace Guardian\').<a href=\"https://en.wikipedia.org/wiki/Kung_Pao_chicken#cite_note-Ref_1-1\" rel=\"noopener noreferrer\" target=\"_blank\" style=\"background-color: initial; color: rgb(51, 102, 204);\"><sup>[1]</sup></a>&nbsp;The name&nbsp;<em>Kung Pao chicken</em>&nbsp;is derived from this title, while the use of the character&nbsp;丁&nbsp;<em>dīng</em>&nbsp;in the name of the dish is a pun on his surname&nbsp;<em>Dīng</em>, a Moderately common&nbsp;<a href=\"https://en.wikipedia.org/wiki/Chinese_surname\" rel=\"noopener noreferrer\" target=\"_blank\" style=\"background-color: initial; color: rgb(51, 102, 204);\">Chinese surname</a>&nbsp;that can also be read to mean \"small cube\" (like the cubes the chicken is diced into for the dish).</p><p>During the&nbsp;<a href=\"https://en.wikipedia.org/wiki/Cultural_Revolution\" rel=\"noopener noreferrer\" target=\"_blank\" style=\"background-color: initial; color: rgb(51, 102, 204);\">Cultural Revolution</a>, the dish\'s name became&nbsp;<a href=\"https://en.wikipedia.org/wiki/Political_correctness\" rel=\"noopener noreferrer\" target=\"_blank\" style=\"background-color: initial; color: rgb(51, 102, 204);\">politically incorrect</a>&nbsp;because of its association with the imperial system. The dish was renamed \"spicy chicken\" (<a href=\"https://en.wikipedia.org/wiki/Simplified_Chinese_characters\" rel=\"noopener noreferrer\" target=\"_blank\" style=\"background-color: initial; color: rgb(51, 102, 204);\">Chinese</a>:&nbsp;糊辣鸡丁;&nbsp;<a href=\"https://en.wikipedia.org/wiki/Pinyin\" rel=\"noopener noreferrer\" target=\"_blank\" style=\"background-color: initial; color: rgb(51, 102, 204);\">pinyin</a>:&nbsp;<em>húlà jīdīng</em>) by Maoists until its political rehabilitation in the 1980s under&nbsp;<a href=\"https://en.wikipedia.org/wiki/Deng_Xiaoping\" rel=\"noopener noreferrer\" target=\"_blank\" style=\"background-color: initial; color: rgb(51, 102, 204);\">Deng Xiaoping</a>\'s reforms.<a href=\"https://en.wikipedia.org/wiki/Kung_Pao_chicken#cite_note-Ref_2-2\" rel=\"noopener noreferrer\" target=\"_blank\" style=\"background-color: initial; color: rgb(51, 102, 204);\"><sup>[2]</sup></a></p>', 'kung-pao-chicken-taste-135078-1_1679718517136.jpeg', 3, 21, '2023-03-25 11:28:37', '2023-03-25 11:28:37'),
(38, 'Pizza', '<p><span style=\"background-color: rgb(255, 255, 255); color: rgb(32, 33, 34);\">In restaurants, pizza can be baked in an oven with fire bricks above the heat source, an electric deck oven, a&nbsp;</span><a href=\"https://en.wikipedia.org/wiki/Conveyor_belt\" rel=\"noopener noreferrer\" target=\"_blank\" style=\"background-color: rgb(255, 255, 255); color: rgb(51, 102, 204);\">conveyor belt</a><span style=\"background-color: rgb(255, 255, 255); color: rgb(32, 33, 34);\">&nbsp;oven, or, in traditional style in a wood or coal-fired&nbsp;</span><a href=\"https://en.wikipedia.org/wiki/Masonry_oven\" rel=\"noopener noreferrer\" target=\"_blank\" style=\"background-color: rgb(255, 255, 255); color: rgb(51, 102, 204);\">brick oven</a><span style=\"background-color: rgb(255, 255, 255); color: rgb(32, 33, 34);\">. The pizza is slid into the oven on a long paddle, called a&nbsp;</span><a href=\"https://en.wikipedia.org/wiki/Peel_(tool)\" rel=\"noopener noreferrer\" target=\"_blank\" style=\"background-color: rgb(255, 255, 255); color: rgb(51, 102, 204);\">peel</a><span style=\"background-color: rgb(255, 255, 255); color: rgb(32, 33, 34);\">, and baked directly on hot bricks, a screen (a round metal grate, typically aluminum), or whatever the oven surface is. Before use, a peel is typically sprinkled with cornmeal to allow the pizza to easily slide on and off it.</span><a href=\"https://en.wikipedia.org/wiki/Pizza#cite_note-37\" rel=\"noopener noreferrer\" target=\"_blank\" style=\"background-color: initial; color: rgb(51, 102, 204);\"><sup>[37]</sup></a><span style=\"background-color: rgb(255, 255, 255); color: rgb(32, 33, 34);\">&nbsp;When made at home, a pizza can be baked on a&nbsp;</span><a href=\"https://en.wikipedia.org/wiki/Pizza_stone\" rel=\"noopener noreferrer\" target=\"_blank\" style=\"background-color: rgb(255, 255, 255); color: rgb(51, 102, 204);\">pizza stone</a><span style=\"background-color: rgb(255, 255, 255); color: rgb(32, 33, 34);\">&nbsp;in a regular oven to reproduce some of the heating effect of a brick oven. Cooking directly on a metal surface results in too rapid heat transfer to the crust, burning it.</span><a href=\"https://en.wikipedia.org/wiki/Pizza#cite_note-38\" rel=\"noopener noreferrer\" target=\"_blank\" style=\"background-color: initial; color: rgb(51, 102, 204);\"><sup>[38]</sup></a><span style=\"background-color: rgb(255, 255, 255); color: rgb(32, 33, 34);\">&nbsp;Some home chefs use a wood-fired pizza oven, usually installed outdoors. As in restaurants, these are often dome-shaped, as pizza ovens have been for centuries,</span><a href=\"https://en.wikipedia.org/wiki/Pizza#cite_note-39\" rel=\"noopener noreferrer\" target=\"_blank\" style=\"background-color: initial; color: rgb(51, 102, 204);\"><sup>[39]</sup></a><span style=\"background-color: rgb(255, 255, 255); color: rgb(32, 33, 34);\">&nbsp;in order to achieve even heat distribution. Another variation is grilled pizza, in which the pizza is baked directly on a barbecue grill.&nbsp;</span><a href=\"https://en.wikipedia.org/wiki/Greek_pizza\" rel=\"noopener noreferrer\" target=\"_blank\" style=\"background-color: rgb(255, 255, 255); color: rgb(51, 102, 204);\">Greek pizza</a><span style=\"background-color: rgb(255, 255, 255); color: rgb(32, 33, 34);\">, like&nbsp;</span><a href=\"https://en.wikipedia.org/wiki/Deep_dish_pizza\" rel=\"noopener noreferrer\" target=\"_blank\" style=\"background-color: rgb(255, 255, 255); color: rgb(51, 102, 204);\">deep dish</a><span style=\"background-color: rgb(255, 255, 255); color: rgb(32, 33, 34);\">&nbsp;</span><a href=\"https://en.wikipedia.org/wiki/Chicago-style_pizza\" rel=\"noopener noreferrer\" target=\"_blank\" style=\"background-color: rgb(255, 255, 255); color: rgb(51, 102, 204);\">Chicago</a><span style=\"background-color: rgb(255, 255, 255); color: rgb(32, 33, 34);\">&nbsp;and&nbsp;</span><a href=\"https://en.wikipedia.org/wiki/Sicilian_pizza\" rel=\"noopener noreferrer\" target=\"_blank\" style=\"background-color: rgb(255, 255, 255); color: rgb(51, 102, 204);\">Sicilian</a><span style=\"background-color: rgb(255, 255, 255); color: rgb(32, 33, 34);\">&nbsp;style pizza, is baked in a pan rather than directly on the bricks of the pizza oven.</span></p>', 'pizza_1679718693909.jpeg', 4, 21, '2023-03-25 11:31:33', '2023-03-25 11:31:33');

-- --------------------------------------------------------

--
-- Cấu trúc bảng cho bảng `tbl_users`
--

CREATE TABLE `tbl_users` (
  `id` int(11) NOT NULL,
  `user_name` varchar(255) NOT NULL,
  `user_email` varchar(255) NOT NULL,
  `user_password` varchar(255) NOT NULL,
  `user_avatar` varchar(255) NOT NULL,
  `user_country` varchar(255) NOT NULL,
  `user_isAdmin` tinyint(1) NOT NULL DEFAULT 0,
  `createdAt` datetime NOT NULL DEFAULT current_timestamp(),
  `updatedAt` datetime NOT NULL DEFAULT current_timestamp()
) ENGINE=InnoDB DEFAULT CHARSET=utf8mb4;

--
-- Đang đổ dữ liệu cho bảng `tbl_users`
--

INSERT INTO `tbl_users` (`id`, `user_name`, `user_email`, `user_password`, `user_avatar`, `user_country`, `user_isAdmin`, `createdAt`, `updatedAt`) VALUES
(1, 'Master Chef', 'ngan@gmail.com', '$2b$10$RS5/Lx4Bk7HaB.QEa/0M6OOs0RCSnhCKnprOtjdw6rpTDp6UCwbkC', 'chef_india_1679712803302.png', 'India', 0, '2023-02-11 23:54:38', '2023-03-25 11:03:17'),
(10, 'Mr. Qu', 'vongan3@gmail.com', '$2b$10$Qb0hkqDkU3L/o1OiW.SXUuOZMVwl5mc8IFIEzJ/Qh0ArH1ubQ0RRW', 'qu_1679717479884.png', 'Vietnam', 0, '2023-02-13 21:16:45', '2023-03-25 11:11:19'),
(21, 'Kong', 'vongan33@gmail.com', '$2b$10$VgiEIsE0rfPFyDIeOsyOCuqcE04FnrugExqHeqVheY/z5b5CubsF6', 'kong_1679718436571.png', 'Hong Kong', 0, '2023-03-24 15:12:27', '2023-03-25 11:27:16');

--
-- Chỉ mục cho các bảng đã đổ
--

--
-- Chỉ mục cho bảng `sequelizemeta`
--
ALTER TABLE `sequelizemeta`
  ADD PRIMARY KEY (`name`),
  ADD UNIQUE KEY `name` (`name`);

--
-- Chỉ mục cho bảng `tbl_categories`
--
ALTER TABLE `tbl_categories`
  ADD PRIMARY KEY (`id`);

--
-- Chỉ mục cho bảng `tbl_posts`
--
ALTER TABLE `tbl_posts`
  ADD PRIMARY KEY (`id`),
  ADD KEY `fk_user` (`user_id`),
  ADD KEY `fk_category` (`category_id`);

--
-- Chỉ mục cho bảng `tbl_users`
--
ALTER TABLE `tbl_users`
  ADD PRIMARY KEY (`id`);

--
-- AUTO_INCREMENT cho các bảng đã đổ
--

--
-- AUTO_INCREMENT cho bảng `tbl_categories`
--
ALTER TABLE `tbl_categories`
  MODIFY `id` int(11) NOT NULL AUTO_INCREMENT, AUTO_INCREMENT=5;

--
-- AUTO_INCREMENT cho bảng `tbl_posts`
--
ALTER TABLE `tbl_posts`
  MODIFY `id` int(11) NOT NULL AUTO_INCREMENT, AUTO_INCREMENT=39;

--
-- AUTO_INCREMENT cho bảng `tbl_users`
--
ALTER TABLE `tbl_users`
  MODIFY `id` int(11) NOT NULL AUTO_INCREMENT, AUTO_INCREMENT=22;

--
-- Các ràng buộc cho các bảng đã đổ
--

--
-- Các ràng buộc cho bảng `tbl_posts`
--
ALTER TABLE `tbl_posts`
  ADD CONSTRAINT `fk_category` FOREIGN KEY (`category_id`) REFERENCES `tbl_categories` (`id`) ON DELETE CASCADE ON UPDATE CASCADE,
  ADD CONSTRAINT `fk_user` FOREIGN KEY (`user_id`) REFERENCES `tbl_users` (`id`) ON DELETE CASCADE ON UPDATE CASCADE;
COMMIT;

/*!40101 SET CHARACTER_SET_CLIENT=@OLD_CHARACTER_SET_CLIENT */;
/*!40101 SET CHARACTER_SET_RESULTS=@OLD_CHARACTER_SET_RESULTS */;
/*!40101 SET COLLATION_CONNECTION=@OLD_COLLATION_CONNECTION */;
